<?xml version="1.0" encoding="UTF-8"?>
<!DOCTYPE suite SYSTEM "https://testng.org/testng-1.0.dtd">
<suite name="Suite" >
  <test name="ChromeTest">
   <parameter name="browser" value="Chrome"/>
   <parameter name="destination" value="Al Jubail"/>
    <classes>
      <class name="bookinghotel.Sary_AutomationProj.BookingHotelTest"/>
    </classes>
  </test> <!-- Test -->
  
 
  <test name="FirefoxTest">
   <parameter name="browser" value="Firefox"/>
   <parameter name="destination" value="Al Jubail"/>
    <classes>
      <class name="bookinghotel.Sary_AutomationProj.BookingHotelTest"/>
    </classes>
  </test>        <!-- Test -->
  
  
  
</suite> <!-- Suite -->
